{"epoch":9,"trainer/global_step":18749,"_wandb":{"runtime":99},"_timestamp":1.74003219189546e+09,"train_loss_step":0.19067561626434326,"_runtime":99.2141228,"_step":5014,"train_loss_epoch":0.22636030614376068,"val_loss_epoch":0.337241530418396,"val_loss_step":0.35151365399360657}