{"train_loss_epoch":0.22636030614376068,"val_loss_step":0.35151365399360657,"train_loss_step":0.19067561626434326,"trainer/global_step":18749,"_timestamp":1.7400302340092435e+09,"_wandb":{"runtime":95},"_runtime":95.7303795,"val_loss_epoch":0.337241530418396,"_step":5014,"epoch":9}