{"test_accuracy":0.9597,"predictions":{"sha256":"6d6092de13690dc7f56a89330f37516b005d441426a8ecbe87138f8d68a4df77","size":80269,"artifact_path":"wandb-client-artifact://0gzsg27y3jhymoav4458zwg97syjgdl4rmzydio84polxbjljlw2pazojlpyrdy3dr75ps0tpj37i9w9guirb882p9iteyix3vcwlgj04b2hm909t4ba5wwany3nk0aj/predictions.table.json","_latest_artifact_path":"wandb-client-artifact://ohcw7k6c3it6re27t78lq3j9eymarpnkywepgbasbmkcsfx7zdi3u78w86s4tq238kw61l2mmn5kprl7h5e5vbkc8hax3e7ohnv8qgj5j67v5q2rb684fdngm7um99bv:latest/predictions.table.json","path":"media/table/predictions_200_6d6092de13690dc7f56a.table.json","ncols":14,"nrows":320,"_type":"table-file"},"epoch":10,"test_loss":0.12941651441865026,"train_loss":0.06359845399856567,"_wandb":{"runtime":51},"_step":200,"_timestamp":1.7398036523187833e+09,"_runtime":51.5052422}