{"_timestamp":1.740033196827503e+09,"epoch":9,"train_loss_epoch":0.22636030614376068,"val_loss_step":0.35151365399360657,"trainer/global_step":18749,"val_loss_epoch":0.337241530418396,"train_loss_step":0.19067561626434326,"_runtime":95.6059667,"_step":5014,"avg_val_loss":0.337241530418396,"_wandb":{"runtime":95}}