{"_wandb":{"runtime":5},"train_loss":0.6346372961997986,"epoch":1,"_timestamp":1.7398030313492403e+09,"_runtime":5.3697163,"_step":18}