{"epoch":10,"predictions":{"path":"media/table/predictions_200_f555e9bac299b344603c.table.json","ncols":14,"nrows":0,"_type":"table-file","sha256":"f555e9bac299b344603c98a5e9e285cbf6f33f2dc7dae79548bddc08fc689c29","size":231,"artifact_path":"wandb-client-artifact://h0uat7o7g1paor1acloajxpcmn73pdgxzjpirhgkky7s6djuuwcgdslxvrbth7bloote5qymp29ktd73z2fsk35c266ysi82onvucx1e7lpufruny8nv10douiqm47xd/predictions.table.json","_latest_artifact_path":"wandb-client-artifact://ooz6ot7el0xyh3qulf4shj8a3j9g796crnf190r7xpyww0p6imxpf3hmv6th5n3ztxmoye1zgnxi1d4hpy1x5m3w4olhvzb3bsab7saqoy4oeoxob8fkqqk4abg7afh9:latest/predictions.table.json"},"_wandb":{"runtime":42},"_timestamp":1.7398031561032991e+09,"test_accuracy":0.9602,"_step":200,"test_loss":0.13247353008601623,"train_loss":0.30920732021331787,"_runtime":42.7634781}