{"train_loss_step":0.19067561626434326,"val_loss_epoch":0.337241530418396,"_wandb":{"runtime":99},"_runtime":99.3338738,"val_loss_step":0.35151365399360657,"trainer/global_step":18749,"epoch":9,"train_loss_epoch":0.22636030614376068,"_step":5014,"_timestamp":1.7400315913565214e+09}